-- Baseline reference seed generated from the live dev Supabase data on 2026-06-28.
-- Includes only global/system reference rows. Tenant/dev data is intentionally excluded.

-- System roles
INSERT INTO public.roles (id, name, description, permissions, is_system, is_archived) VALUES ('admin', 'Admin', 'Team administrator', '{"data": {"read": true, "write": true, "delete": false}, "team": {"read": true, "write": true, "delete": false}, "twin": {"read": true, "write": true, "delete": false}, "settings": {"read": true, "write": false, "delete": false}, "strategy": {"read": true, "write": true, "delete": false}, "analytics": {"read": true, "write": true, "delete": false}, "ecosystem": {"read": true, "write": false, "delete": false}, "benchmarks": {"read": true, "write": false, "delete": false}}'::jsonb, 't', 'f');
INSERT INTO public.roles (id, name, description, permissions, is_system, is_archived) VALUES ('analyst', 'Analyst', 'Strategy and analytics contributor', '{"data": {"read": true, "write": false, "delete": false}, "team": {"read": true, "write": false, "delete": false}, "twin": {"read": true, "write": false, "delete": false}, "settings": {"read": false, "write": false, "delete": false}, "strategy": {"read": true, "write": true, "delete": false}, "analytics": {"read": true, "write": true, "delete": false}, "ecosystem": {"read": true, "write": false, "delete": false}, "benchmarks": {"read": true, "write": false, "delete": false}}'::jsonb, 't', 'f');
INSERT INTO public.roles (id, name, description, permissions, is_system, is_archived) VALUES ('co_founder', 'Co-Founder', 'Company co-founder', '{"data": {"read": true, "write": true, "delete": false}, "team": {"read": true, "write": true, "delete": false}, "twin": {"read": true, "write": true, "delete": false}, "settings": {"read": true, "write": false, "delete": false}, "strategy": {"read": true, "write": true, "delete": true}, "analytics": {"read": true, "write": true, "delete": false}, "ecosystem": {"read": true, "write": true, "delete": false}, "benchmarks": {"read": true, "write": false, "delete": false}}'::jsonb, 't', 'f');
INSERT INTO public.roles (id, name, description, permissions, is_system, is_archived) VALUES ('engineer', 'Engineer', 'Data and technical contributor', '{"data": {"read": true, "write": true, "delete": false}, "team": {"read": true, "write": false, "delete": false}, "twin": {"read": true, "write": false, "delete": false}, "settings": {"read": false, "write": false, "delete": false}, "strategy": {"read": true, "write": false, "delete": false}, "analytics": {"read": true, "write": false, "delete": false}, "ecosystem": {"read": false, "write": false, "delete": false}, "benchmarks": {"read": true, "write": false, "delete": false}}'::jsonb, 't', 'f');
INSERT INTO public.roles (id, name, description, permissions, is_system, is_archived) VALUES ('founder', 'Founder', 'Company founder', '{"data": {"read": true, "write": true, "delete": false}, "team": {"read": true, "write": true, "delete": true}, "twin": {"read": true, "write": true, "delete": false}, "settings": {"read": true, "write": true, "delete": false}, "strategy": {"read": true, "write": true, "delete": true}, "analytics": {"read": true, "write": true, "delete": false}, "ecosystem": {"read": true, "write": true, "delete": false}, "benchmarks": {"read": true, "write": false, "delete": false}}'::jsonb, 't', 'f');
INSERT INTO public.roles (id, name, description, permissions, is_system, is_archived) VALUES ('investor', 'Investor', 'Investor-facing read-only role', '{"data": {"read": false, "write": false, "delete": false}, "team": {"read": true, "write": false, "delete": false}, "twin": {"read": true, "write": false, "delete": false}, "settings": {"read": false, "write": false, "delete": false}, "strategy": {"read": false, "write": false, "delete": false}, "analytics": {"read": true, "write": false, "delete": false}, "ecosystem": {"read": false, "write": false, "delete": false}, "benchmarks": {"read": true, "write": false, "delete": false}}'::jsonb, 't', 'f');
INSERT INTO public.roles (id, name, description, permissions, is_system, is_archived) VALUES ('super_admin', 'Super Admin', 'Platform-level administrator', '{"*": {"read": true, "write": true, "delete": true}}'::jsonb, 't', 'f');
INSERT INTO public.roles (id, name, description, permissions, is_system, is_archived) VALUES ('viewer', 'Viewer', 'Read-only team member', '{"data": {"read": true, "write": false, "delete": false}, "team": {"read": true, "write": false, "delete": false}, "twin": {"read": true, "write": false, "delete": false}, "settings": {"read": false, "write": false, "delete": false}, "strategy": {"read": true, "write": false, "delete": false}, "analytics": {"read": true, "write": false, "delete": false}, "ecosystem": {"read": true, "write": false, "delete": false}, "benchmarks": {"read": true, "write": false, "delete": false}}'::jsonb, 't', 'f');

-- Industries
INSERT INTO public.industries (id, label, description, color, position_3d, bubble_radius, tags) VALUES ('ind-agriculture', 'Agriculture & Food', 'Farming, agri-tech, food processing, fisheries, nutrition', '#86efac', '{"x": -50, "y": -55, "z": 40}'::jsonb, 10, '{b2b,global,impact,rural}'::text[]);
INSERT INTO public.industries (id, label, description, color, position_3d, bubble_radius, tags) VALUES ('ind-commerce', 'Commerce', 'Retail, e-commerce, D2C brands, marketplaces, wholesale', '#f472b6', '{"x": 0, "y": 40, "z": 70}'::jsonb, 12, '{b2c,global,logistics-heavy,consumer}'::text[]);
INSERT INTO public.industries (id, label, description, color, position_3d, bubble_radius, tags) VALUES ('ind-education', 'Education', 'Universities, schools, edtech, publishing, skill platforms', '#a78bfa', '{"x": 60, "y": 15, "z": 60}'::jsonb, 11, '{b2c,global,consumer,impact}'::text[]);
INSERT INTO public.industries (id, label, description, color, position_3d, bubble_radius, tags) VALUES ('ind-energy', 'Energy & Sustainability', 'Solar, wind, storage, EV infrastructure, climate tech', '#4ade80', '{"x": -80, "y": 5, "z": 0}'::jsonb, 11, '{global,impact,capital-intensive,climate}'::text[]);
INSERT INTO public.industries (id, label, description, color, position_3d, bubble_radius, tags) VALUES ('ind-finance', 'Finance', 'Fintech, banking, insurance, trading, investing, lending', '#22d3ee', '{"x": -70, "y": -10, "z": -55}'::jsonb, 13, '{b2c,global,regulated,capital-markets}'::text[]);
INSERT INTO public.industries (id, label, description, color, position_3d, bubble_radius, tags) VALUES ('ind-government', 'Government & Public Systems', 'Governance, defense, public policy, civic tech, social welfare', '#64748b', '{"x": 80, "y": -5, "z": 0}'::jsonb, 10, '{b2g,global,compliance-driven,impact}'::text[]);
INSERT INTO public.industries (id, label, description, color, position_3d, bubble_radius, tags) VALUES ('ind-healthcare', 'Healthcare', 'Pharma, hospitals, biotech, diagnostics, medical devices', '#34d399', '{"x": -60, "y": 15, "z": 60}'::jsonb, 13, '{b2c,global,regulated,ai-driven}'::text[]);
INSERT INTO public.industries (id, label, description, color, position_3d, bubble_radius, tags) VALUES ('ind-manufacturing', 'Manufacturing', 'Automotive, electronics, industrial machinery, consumer goods', '#fb923c', '{"x": 70, "y": 10, "z": -50}'::jsonb, 12, '{b2b,global,capital-intensive,operations-heavy}'::text[]);
INSERT INTO public.industries (id, label, description, color, position_3d, bubble_radius, tags) VALUES ('ind-media', 'Media & Entertainment', 'Film, TV, streaming, music, gaming, creator economy', '#f43f5e', '{"x": 0, "y": -40, "z": -70}'::jsonb, 12, '{b2c,global,ad-driven,content}'::text[]);
INSERT INTO public.industries (id, label, description, color, position_3d, bubble_radius, tags) VALUES ('ind-mobility', 'Mobility & Transportation', 'Aviation, rail, shipping, automotive mobility, delivery systems', '#38bdf8', '{"x": 0, "y": 80, "z": 0}'::jsonb, 13, '{b2c,global,unit-economics-hard,operations-heavy}'::text[]);
INSERT INTO public.industries (id, label, description, color, position_3d, bubble_radius, tags) VALUES ('ind-realestate', 'Real Estate & Infrastructure', 'Commercial, construction, smart buildings, proptech, facility mgmt', '#fdba74', '{"x": 50, "y": 55, "z": -40}'::jsonb, 11, '{b2c,global,high-ticket,marketplace}'::text[]);
INSERT INTO public.industries (id, label, description, color, position_3d, bubble_radius, tags) VALUES ('ind-technology', 'Technology', 'AI, cloud, cybersecurity, hardware, Web3, enterprise software', '#818cf8', '{"x": 0, "y": 0, "z": 0}'::jsonb, 14, '{b2b,global,deep-tech,high-margin}'::text[]);

-- Subdomains
INSERT INTO public.subdomains (id, industry_id, label, description, orbit_index, color) VALUES ('sd-agri-farming', 'ind-agriculture', 'Farming', 'Smart farming, precision agriculture, farmer networks', 0, '#86efac');
INSERT INTO public.subdomains (id, industry_id, label, description, orbit_index, color) VALUES ('sd-agri-agritech', 'ind-agriculture', 'Agri-tech', 'AgriTech platforms, agri-SaaS, input marketplaces', 1, '#86efac');
INSERT INTO public.subdomains (id, industry_id, label, description, orbit_index, color) VALUES ('sd-agri-food', 'ind-agriculture', 'Food Processing', 'Packaged foods, food processing tech, FMCG manufacturing', 2, '#86efac');
INSERT INTO public.subdomains (id, industry_id, label, description, orbit_index, color) VALUES ('sd-agri-fisheries', 'ind-agriculture', 'Fisheries', 'Aquaculture, fisheries tech, sustainable seafood', 3, '#86efac');
INSERT INTO public.subdomains (id, industry_id, label, description, orbit_index, color) VALUES ('sd-agri-supply', 'ind-agriculture', 'Supply Chain', 'Cold chain, agri logistics, FPO platforms, traceability', 4, '#86efac');
INSERT INTO public.subdomains (id, industry_id, label, description, orbit_index, color) VALUES ('sd-agri-nutrition', 'ind-agriculture', 'Nutrition & Delivery', 'Nutraceuticals, meal kits, alt-protein, food delivery', 5, '#86efac');
INSERT INTO public.subdomains (id, industry_id, label, description, orbit_index, color) VALUES ('sd-com-retail', 'ind-commerce', 'Retail', 'Omnichannel retail, retail tech, POS, store ops', 0, '#f472b6');
INSERT INTO public.subdomains (id, industry_id, label, description, orbit_index, color) VALUES ('sd-com-ecommerce', 'ind-commerce', 'E-commerce', 'Ecommerce platforms, storefronts, headless commerce', 1, '#f472b6');
INSERT INTO public.subdomains (id, industry_id, label, description, orbit_index, color) VALUES ('sd-com-d2c', 'ind-commerce', 'D2C Brands', 'Direct-to-consumer brands, vertical commerce', 2, '#f472b6');
INSERT INTO public.subdomains (id, industry_id, label, description, orbit_index, color) VALUES ('sd-com-marketplaces', 'ind-commerce', 'Marketplaces', 'Horizontal & niche marketplaces, resale platforms', 3, '#f472b6');
INSERT INTO public.subdomains (id, industry_id, label, description, orbit_index, color) VALUES ('sd-com-wholesale', 'ind-commerce', 'Wholesale', 'B2B commerce, wholesale platforms, distribution', 4, '#f472b6');
INSERT INTO public.subdomains (id, industry_id, label, description, orbit_index, color) VALUES ('sd-com-consumer', 'ind-commerce', 'Consumer Platforms', 'Grocery delivery, q-commerce, social commerce', 5, '#f472b6');
INSERT INTO public.subdomains (id, industry_id, label, description, orbit_index, color) VALUES ('sd-com-cx', 'ind-commerce', 'CX Systems', 'Storefront SaaS, conversion tools, customer support', 6, '#f472b6');
INSERT INTO public.subdomains (id, industry_id, label, description, orbit_index, color) VALUES ('sd-edu-universities', 'ind-education', 'Universities', 'Higher ed institutions, online degrees, MOOCs', 0, '#a78bfa');
INSERT INTO public.subdomains (id, industry_id, label, description, orbit_index, color) VALUES ('sd-edu-schools', 'ind-education', 'Schools', 'K-12 learning platforms, school management, parental apps', 1, '#a78bfa');
INSERT INTO public.subdomains (id, industry_id, label, description, orbit_index, color) VALUES ('sd-edu-edtech', 'ind-education', 'Edtech', 'Learning tech, LMS, AI tutors, content tools', 2, '#a78bfa');
INSERT INTO public.subdomains (id, industry_id, label, description, orbit_index, color) VALUES ('sd-edu-publishing', 'ind-education', 'Knowledge Publishing', 'Academic publishers, digital textbooks, content libraries', 3, '#a78bfa');
INSERT INTO public.subdomains (id, industry_id, label, description, orbit_index, color) VALUES ('sd-edu-testprep', 'ind-education', 'Test Prep', 'Competitive exam prep, tutoring, gamified assessment', 4, '#a78bfa');
INSERT INTO public.subdomains (id, industry_id, label, description, orbit_index, color) VALUES ('sd-edu-research', 'ind-education', 'Research Institutions', 'Research labs, think tanks, academic tooling', 5, '#a78bfa');
INSERT INTO public.subdomains (id, industry_id, label, description, orbit_index, color) VALUES ('sd-edu-corporate', 'ind-education', 'Corporate Training', 'L&D platforms, enterprise upskilling, compliance training', 6, '#a78bfa');
INSERT INTO public.subdomains (id, industry_id, label, description, orbit_index, color) VALUES ('sd-edu-skills', 'ind-education', 'Skill Platforms', 'Bootcamps, certifications, vocational programs', 7, '#a78bfa');
INSERT INTO public.subdomains (id, industry_id, label, description, orbit_index, color) VALUES ('sd-en-solar', 'ind-energy', 'Solar', 'Rooftop solar, solar farms, solar manufacturing', 0, '#4ade80');
INSERT INTO public.subdomains (id, industry_id, label, description, orbit_index, color) VALUES ('sd-en-wind', 'ind-energy', 'Wind', 'Onshore/offshore wind, turbine components', 1, '#4ade80');
INSERT INTO public.subdomains (id, industry_id, label, description, orbit_index, color) VALUES ('sd-en-storage', 'ind-energy', 'Storage', 'Battery tech, grid storage, BESS, long-duration storage', 2, '#4ade80');
INSERT INTO public.subdomains (id, industry_id, label, description, orbit_index, color) VALUES ('sd-en-ev', 'ind-energy', 'EV Infrastructure', 'Charging networks, swap stations, EV fleet management', 3, '#4ade80');
INSERT INTO public.subdomains (id, industry_id, label, description, orbit_index, color) VALUES ('sd-en-carbon', 'ind-energy', 'Carbon Management', 'Carbon credits, MRV platforms, offset verification', 4, '#4ade80');
INSERT INTO public.subdomains (id, industry_id, label, description, orbit_index, color) VALUES ('sd-en-waste', 'ind-energy', 'Waste Management', 'Recycling, circular economy, waste-to-energy', 5, '#4ade80');
INSERT INTO public.subdomains (id, industry_id, label, description, orbit_index, color) VALUES ('sd-en-waste-sys', 'ind-energy', 'Waste Systems', 'Waste collection ops, smart bins, sanitation infrastructure', 6, '#4ade80');
INSERT INTO public.subdomains (id, industry_id, label, description, orbit_index, color) VALUES ('sd-en-climate', 'ind-energy', 'Climate Tech', 'Carbon removal, climate modeling, ESG platforms', 7, '#4ade80');
INSERT INTO public.subdomains (id, industry_id, label, description, orbit_index, color) VALUES ('sd-fin-fintech', 'ind-finance', 'Fintech', 'Payments, gateways, UPI, B2B payments, embedded finance', 0, '#22d3ee');
INSERT INTO public.subdomains (id, industry_id, label, description, orbit_index, color) VALUES ('sd-fin-banking', 'ind-finance', 'Banking', 'Digital banking, neo-banks, account infra, open banking', 1, '#22d3ee');
INSERT INTO public.subdomains (id, industry_id, label, description, orbit_index, color) VALUES ('sd-fin-insurance', 'ind-finance', 'Insurance', 'InsurTech, distribution, underwriting, claims automation', 2, '#22d3ee');
INSERT INTO public.subdomains (id, industry_id, label, description, orbit_index, color) VALUES ('sd-fin-trading', 'ind-finance', 'Trading', 'Brokerage tech, market data, execution, retail trading', 3, '#22d3ee');
INSERT INTO public.subdomains (id, industry_id, label, description, orbit_index, color) VALUES ('sd-fin-investing', 'ind-finance', 'Investing', 'Robo-advisors, wealth platforms, mutual funds, alt assets', 4, '#22d3ee');
INSERT INTO public.subdomains (id, industry_id, label, description, orbit_index, color) VALUES ('sd-fin-asset', 'ind-finance', 'Asset Management', 'Asset managers, fund platforms, institutional wealth', 5, '#22d3ee');
INSERT INTO public.subdomains (id, industry_id, label, description, orbit_index, color) VALUES ('sd-fin-lending', 'ind-finance', 'Lending', 'Consumer credit, BNPL, SME loans, mortgage tech', 6, '#22d3ee');
INSERT INTO public.subdomains (id, industry_id, label, description, orbit_index, color) VALUES ('sd-gov-governance', 'ind-government', 'Governance', 'GovTech, digital government, e-services, public data', 0, '#64748b');
INSERT INTO public.subdomains (id, industry_id, label, description, orbit_index, color) VALUES ('sd-gov-defense', 'ind-government', 'Defense', 'Defense tech, aerospace defense, intelligence systems', 1, '#64748b');
INSERT INTO public.subdomains (id, industry_id, label, description, orbit_index, color) VALUES ('sd-gov-policy', 'ind-government', 'Public Policy', 'Policy research, think tanks, government advisory', 2, '#64748b');
INSERT INTO public.subdomains (id, industry_id, label, description, orbit_index, color) VALUES ('sd-gov-civic', 'ind-government', 'Civic Tech', 'Citizen engagement, open data, civic platforms', 3, '#64748b');
INSERT INTO public.subdomains (id, industry_id, label, description, orbit_index, color) VALUES ('sd-gov-welfare', 'ind-government', 'Social Welfare', 'Benefits navigation, social services, community platforms', 4, '#64748b');
INSERT INTO public.subdomains (id, industry_id, label, description, orbit_index, color) VALUES ('sd-gov-pubhealth', 'ind-government', 'Public Health Systems', 'Public health infra, disease surveillance, health policy tech', 5, '#64748b');
INSERT INTO public.subdomains (id, industry_id, label, description, orbit_index, color) VALUES ('sd-gov-social', 'ind-government', 'Social Systems', 'Social security tech, pension platforms, welfare SaaS', 6, '#64748b');
INSERT INTO public.subdomains (id, industry_id, label, description, orbit_index, color) VALUES ('sd-gov-sust', 'ind-government', 'Sust Tech', 'Sustainability-driven public infrastructure and policy tools', 7, '#64748b');
INSERT INTO public.subdomains (id, industry_id, label, description, orbit_index, color) VALUES ('sd-health-pharma', 'ind-healthcare', 'Pharma', 'Drug discovery, generics, contract manufacturing', 0, '#34d399');
INSERT INTO public.subdomains (id, industry_id, label, description, orbit_index, color) VALUES ('sd-health-hospitals', 'ind-healthcare', 'Hospitals', 'Hospital chains, OPD networks, hospital IT', 1, '#34d399');
INSERT INTO public.subdomains (id, industry_id, label, description, orbit_index, color) VALUES ('sd-health-biotech', 'ind-healthcare', 'Biotech', 'Genomics, cell therapy, biologics, CRISPR', 2, '#34d399');
INSERT INTO public.subdomains (id, industry_id, label, description, orbit_index, color) VALUES ('sd-health-diag', 'ind-healthcare', 'Diagnostics', 'Path labs, imaging, point-of-care, liquid biopsy', 3, '#34d399');
INSERT INTO public.subdomains (id, industry_id, label, description, orbit_index, color) VALUES ('sd-health-devices', 'ind-healthcare', 'Medical Devices', 'Wearables, surgical robotics, implants, medical hardware', 4, '#34d399');
INSERT INTO public.subdomains (id, industry_id, label, description, orbit_index, color) VALUES ('sd-health-digital', 'ind-healthcare', 'Healthtech', 'Telehealth, EHR, hospital SaaS, patient apps', 5, '#34d399');
INSERT INTO public.subdomains (id, industry_id, label, description, orbit_index, color) VALUES ('sd-health-preventive', 'ind-healthcare', 'Preventive Care', 'Fitness, nutrition, lifestyle medicine, chronic care', 6, '#34d399');
INSERT INTO public.subdomains (id, industry_id, label, description, orbit_index, color) VALUES ('sd-health-mental', 'ind-healthcare', 'Mental Health', 'Therapy platforms, mental wellness, psychiatry tech', 7, '#34d399');
INSERT INTO public.subdomains (id, industry_id, label, description, orbit_index, color) VALUES ('sd-mfg-automotive', 'ind-manufacturing', 'Automotive', 'Car OEMs, EV makers, auto components, ADAS', 0, '#fb923c');
INSERT INTO public.subdomains (id, industry_id, label, description, orbit_index, color) VALUES ('sd-mfg-electronics', 'ind-manufacturing', 'Electronics', 'Consumer electronics, contract manufacturing, PCBs', 1, '#fb923c');
INSERT INTO public.subdomains (id, industry_id, label, description, orbit_index, color) VALUES ('sd-mfg-industrial', 'ind-manufacturing', 'Industrial Machinery', 'Automation, robotics, CNC, factory equipment', 2, '#fb923c');
INSERT INTO public.subdomains (id, industry_id, label, description, orbit_index, color) VALUES ('sd-mfg-consumer', 'ind-manufacturing', 'Consumer Goods', 'FMCG, packaged goods, household products', 3, '#fb923c');
INSERT INTO public.subdomains (id, industry_id, label, description, orbit_index, color) VALUES ('sd-mfg-textiles', 'ind-manufacturing', 'Textiles', 'Apparel manufacturing, technical textiles, fashion supply chain', 4, '#fb923c');
INSERT INTO public.subdomains (id, industry_id, label, description, orbit_index, color) VALUES ('sd-mfg-supply', 'ind-manufacturing', 'Supply Chain Systems', 'Supply chain SaaS, procurement, demand planning', 5, '#fb923c');
INSERT INTO public.subdomains (id, industry_id, label, description, orbit_index, color) VALUES ('sd-mfg-heavy', 'ind-manufacturing', 'Heavy Industry', 'Construction equipment, mining machinery, aerospace components', 6, '#fb923c');
INSERT INTO public.subdomains (id, industry_id, label, description, orbit_index, color) VALUES ('sd-med-film', 'ind-media', 'Film', 'Production studios, distribution, film tech', 0, '#f43f5e');
INSERT INTO public.subdomains (id, industry_id, label, description, orbit_index, color) VALUES ('sd-med-tv', 'ind-media', 'Television', 'Linear TV, broadcast networks, CTV', 1, '#f43f5e');
INSERT INTO public.subdomains (id, industry_id, label, description, orbit_index, color) VALUES ('sd-med-streaming', 'ind-media', 'Streaming', 'OTT platforms, video & audio streaming', 2, '#f43f5e');
INSERT INTO public.subdomains (id, industry_id, label, description, orbit_index, color) VALUES ('sd-med-music', 'ind-media', 'Music', 'Music streaming, distribution, labels, music tech', 3, '#f43f5e');
INSERT INTO public.subdomains (id, industry_id, label, description, orbit_index, color) VALUES ('sd-med-gaming', 'ind-media', 'Gaming', 'Mobile gaming, console & PC, esports, fantasy sports', 4, '#f43f5e');
INSERT INTO public.subdomains (id, industry_id, label, description, orbit_index, color) VALUES ('sd-med-creator', 'ind-media', 'Creator Economy', 'Creator tools, monetisation platforms, fan economy', 5, '#f43f5e');
INSERT INTO public.subdomains (id, industry_id, label, description, orbit_index, color) VALUES ('sd-med-sports-econ', 'ind-media', 'Sports Economy', 'Sports brands, merchandise, athlete platforms', 6, '#f43f5e');
INSERT INTO public.subdomains (id, industry_id, label, description, orbit_index, color) VALUES ('sd-med-sports-med', 'ind-media', 'Sports Media', 'Sports broadcasting, analytics, fan engagement', 7, '#f43f5e');
INSERT INTO public.subdomains (id, industry_id, label, description, orbit_index, color) VALUES ('sd-mob-aviation', 'ind-mobility', 'Aviation', 'Airlines, eVTOL, drones, airport tech, MRO', 0, '#38bdf8');
INSERT INTO public.subdomains (id, industry_id, label, description, orbit_index, color) VALUES ('sd-mob-rail', 'ind-mobility', 'Rail', 'Rail operators, rail tech, ticketing, freight rail', 1, '#38bdf8');
INSERT INTO public.subdomains (id, industry_id, label, description, orbit_index, color) VALUES ('sd-mob-shipping', 'ind-mobility', 'Shipping', 'Ocean freight, container lines, port tech, maritime', 2, '#38bdf8');
INSERT INTO public.subdomains (id, industry_id, label, description, orbit_index, color) VALUES ('sd-mob-auto', 'ind-mobility', 'Automotive Mobility', 'Ride-hailing, car-sharing, autonomous mobility', 3, '#38bdf8');
INSERT INTO public.subdomains (id, industry_id, label, description, orbit_index, color) VALUES ('sd-mob-delivery', 'ind-mobility', 'Delivery Systems', 'Last-mile, express delivery, courier networks', 4, '#38bdf8');
INSERT INTO public.subdomains (id, industry_id, label, description, orbit_index, color) VALUES ('sd-mob-travel', 'ind-mobility', 'Travel Infrastructure', 'OTAs, hospitality, hotels, travel booking', 5, '#38bdf8');
INSERT INTO public.subdomains (id, industry_id, label, description, orbit_index, color) VALUES ('sd-mob-logistics', 'ind-mobility', 'Logistics', '3PL, contract logistics, freight brokerage', 6, '#38bdf8');
INSERT INTO public.subdomains (id, industry_id, label, description, orbit_index, color) VALUES ('sd-re-residential', 'ind-realestate', 'Residential', 'Home buying, rental, residential brokerage, iBuying', 0, '#fdba74');
INSERT INTO public.subdomains (id, industry_id, label, description, orbit_index, color) VALUES ('sd-re-commercial', 'ind-realestate', 'Commercial', 'Office, retail, co-working, commercial leasing', 1, '#fdba74');
INSERT INTO public.subdomains (id, industry_id, label, description, orbit_index, color) VALUES ('sd-re-construction', 'ind-realestate', 'Construction', 'Construction tech, BIM, project management, GCs', 2, '#fdba74');
INSERT INTO public.subdomains (id, industry_id, label, description, orbit_index, color) VALUES ('sd-re-facility', 'ind-realestate', 'Facility Management', 'Facility ops, maintenance, integrated services', 3, '#fdba74');
INSERT INTO public.subdomains (id, industry_id, label, description, orbit_index, color) VALUES ('sd-re-smart', 'ind-realestate', 'Smart Buildings', 'IoT for buildings, energy management, automation', 4, '#fdba74');
INSERT INTO public.subdomains (id, industry_id, label, description, orbit_index, color) VALUES ('sd-re-proptech', 'ind-realestate', 'PropTech', 'Proptech platforms, marketplaces, fractional ownership', 5, '#fdba74');
INSERT INTO public.subdomains (id, industry_id, label, description, orbit_index, color) VALUES ('sd-re-infra', 'ind-realestate', 'Infrastructure', 'Civil engineering, utilities, roads, bridges, smart cities', 6, '#fdba74');
INSERT INTO public.subdomains (id, industry_id, label, description, orbit_index, color) VALUES ('sd-tech-ai', 'ind-technology', 'AI', 'Foundation models, LLMs, AI infra, MLOps, inference', 0, '#818cf8');
INSERT INTO public.subdomains (id, industry_id, label, description, orbit_index, color) VALUES ('sd-tech-cloud', 'ind-technology', 'Cloud', 'IaaS, PaaS, cloud platforms, edge compute, CDN', 1, '#818cf8');
INSERT INTO public.subdomains (id, industry_id, label, description, orbit_index, color) VALUES ('sd-tech-cyber', 'ind-technology', 'Cybersecurity', 'Threat intel, endpoint security, SOC, identity, network security', 2, '#818cf8');
INSERT INTO public.subdomains (id, industry_id, label, description, orbit_index, color) VALUES ('sd-tech-hardware', 'ind-technology', 'Hardware', 'Semiconductors, chips, consumer electronics, IoT hardware', 3, '#818cf8');
INSERT INTO public.subdomains (id, industry_id, label, description, orbit_index, color) VALUES ('sd-tech-web3', 'ind-technology', 'Web3', 'Blockchain, DeFi, NFTs, wallets, on-chain infrastructure', 4, '#818cf8');
INSERT INTO public.subdomains (id, industry_id, label, description, orbit_index, color) VALUES ('sd-tech-enterprise', 'ind-technology', 'Enterprise Software', 'ERP, CRM, HRMS, collaboration, business process platforms', 5, '#818cf8');
INSERT INTO public.subdomains (id, industry_id, label, description, orbit_index, color) VALUES ('sd-tech-software', 'ind-technology', 'Software', 'Productivity, design, dev tools, general software platforms', 6, '#818cf8');

-- VC firms
INSERT INTO public.vc_firms (id, name, short_name, region, hq_city, website, focus_stage, sectors, avg_ticket, total_fund, linkedin, logo_url, notable_investments) VALUES ('7f46b474-fb68-461b-90dc-867a7b026802'::uuid, '3one4 Capital', '3one4', 'India', 'Bengaluru', 'https://3one4capital.com', '{Pre-seed,Seed,"Series A"}'::text[], '{SaaS,Deeptech,Consumer,B2B}'::text[], '$200K–$4M', '$200M Fund IV', NULL, NULL, '{Locus,Darwinbox,"Open Financial",BetterPlace,Setu}'::text[]);
INSERT INTO public.vc_firms (id, name, short_name, region, hq_city, website, focus_stage, sectors, avg_ticket, total_fund, linkedin, logo_url, notable_investments) VALUES ('8b9b556e-86af-4298-bf6e-8de636f65d8f'::uuid, 'Accel India', 'Accel', 'India', 'Bengaluru', 'https://accel.com', '{Seed,"Series A","Series B"}'::text[], '{SaaS,Fintech,Consumer,Deeptech}'::text[], '$500K–$10M', '$650M Fund VIII', NULL, NULL, '{Flipkart,Freshworks,Swiggy,Zenoti,BrowserStack}'::text[]);
INSERT INTO public.vc_firms (id, name, short_name, region, hq_city, website, focus_stage, sectors, avg_ticket, total_fund, linkedin, logo_url, notable_investments) VALUES ('d48f6be3-cb5e-4afe-8f8a-262c43b067c9'::uuid, 'Andreessen Horowitz', 'a16z', 'US', 'Menlo Park', 'https://a16z.com', '{Seed,"Series A","Series B",Growth}'::text[], '{SaaS,Crypto,Biotech,Consumer,Fintech,AI}'::text[], '$5M–$100M', '$35B AUM', NULL, NULL, '{GitHub,Airbnb,Lyft,Stripe,Coinbase,OpenAI}'::text[]);
INSERT INTO public.vc_firms (id, name, short_name, region, hq_city, website, focus_stage, sectors, avg_ticket, total_fund, linkedin, logo_url, notable_investments) VALUES ('b2b572d6-483c-4665-a6cb-1e6d89e06a18'::uuid, 'Bessemer Venture Partners', 'Bessemer', 'US', 'San Francisco', 'https://bvp.com', '{Seed,"Series A","Series B"}'::text[], '{SaaS,Fintech,Consumer,Healthcare}'::text[], '$1M–$20M', '$4.6B Fund XII', NULL, NULL, '{LinkedIn,Shopify,Twitch,Wix,Intercom}'::text[]);
INSERT INTO public.vc_firms (id, name, short_name, region, hq_city, website, focus_stage, sectors, avg_ticket, total_fund, linkedin, logo_url, notable_investments) VALUES ('127f2728-a0bc-40fd-80e5-06e4ee989d8c'::uuid, 'Better Capital', 'Better', 'India', 'Delhi', 'https://bettercap.in', '{Pre-seed,Seed}'::text[], '{SaaS,Consumer,Fintech,D2C,Healthtech}'::text[], '$100K–$500K', 'Evergreen', NULL, NULL, '{Teachmint,Superpeer,Zarget,Squadstack}'::text[]);
INSERT INTO public.vc_firms (id, name, short_name, region, hq_city, website, focus_stage, sectors, avg_ticket, total_fund, linkedin, logo_url, notable_investments) VALUES ('2f2b48bd-2cd1-4c22-b3c9-3c1009eb502e'::uuid, 'Blume Ventures', 'Blume', 'India', 'Mumbai', 'https://blume.vc', '{Pre-seed,Seed,"Series A"}'::text[], '{SaaS,Consumer,Deeptech,Climate}'::text[], '$200K–$3M', '$250M Fund IV', NULL, NULL, '{Slice,Unacademy,Dunzo,Cashify,Servify}'::text[]);
INSERT INTO public.vc_firms (id, name, short_name, region, hq_city, website, focus_stage, sectors, avg_ticket, total_fund, linkedin, logo_url, notable_investments) VALUES ('ffb264f3-9466-46b7-abd0-2ca87d3eee2b'::uuid, 'Chiratae Ventures', 'Chiratae', 'India', 'Bengaluru', 'https://chiratae.com', '{Seed,"Series A","Series B"}'::text[], '{SaaS,Consumer,Healthtech,Edtech,Fintech}'::text[], '$500K–$5M', '$335M Fund V', NULL, NULL, '{PolicyBazaar,Myntra,Lenskart,FirstCry,Cure.fit}'::text[]);
INSERT INTO public.vc_firms (id, name, short_name, region, hq_city, website, focus_stage, sectors, avg_ticket, total_fund, linkedin, logo_url, notable_investments) VALUES ('640236b2-0daf-4f3f-ab44-677f9cc885d6'::uuid, 'Elevation Capital', 'Elevation', 'India', 'Gurugram', 'https://elevationcapital.com', '{Seed,"Series A","Series B"}'::text[], '{Fintech,SaaS,Consumer,Edtech}'::text[], '$1M–$15M', '$670M Fund VIII', NULL, NULL, '{Paytm,Sharechat,Unacademy,"Urban Company",Spinny}'::text[]);
INSERT INTO public.vc_firms (id, name, short_name, region, hq_city, website, focus_stage, sectors, avg_ticket, total_fund, linkedin, logo_url, notable_investments) VALUES ('d7f5da0a-ed1d-40d6-a3be-3ba328d668ed'::uuid, 'General Atlantic', 'GA', 'US', 'New York', 'https://generalatlantic.com', '{Growth,Pre-IPO}'::text[], '{SaaS,Consumer,Fintech,Healthcare}'::text[], '$50M–$500M', '$73B AUM', NULL, NULL, '{Airbnb,Alibaba,Freshworks,Clevertap,Slice}'::text[]);
INSERT INTO public.vc_firms (id, name, short_name, region, hq_city, website, focus_stage, sectors, avg_ticket, total_fund, linkedin, logo_url, notable_investments) VALUES ('83c10e8b-e6a6-4986-972b-312dbb4bd665'::uuid, 'GGV Capital', 'GGV', 'US', 'Menlo Park', 'https://ggvc.com', '{Seed,"Series A","Series B"}'::text[], '{SaaS,Consumer,Fintech,B2B}'::text[], '$1M–$30M', '$9.2B AUM', NULL, NULL, '{Airbnb,Alibaba,Grab,HashiCorp,Slack}'::text[]);
INSERT INTO public.vc_firms (id, name, short_name, region, hq_city, website, focus_stage, sectors, avg_ticket, total_fund, linkedin, logo_url, notable_investments) VALUES ('ef451f2e-3ce7-402d-90ea-1e3b66bf367b'::uuid, 'India Quotient', 'IQ', 'India', 'Mumbai', 'https://indiaquotient.in', '{Pre-seed,Seed}'::text[], '{Consumer,Rural,Social,B2B}'::text[], '$100K–$1M', '$50M Fund III', NULL, NULL, '{ShareChat,Khatabook,Slice,"Supr Daily"}'::text[]);
INSERT INTO public.vc_firms (id, name, short_name, region, hq_city, website, focus_stage, sectors, avg_ticket, total_fund, linkedin, logo_url, notable_investments) VALUES ('e928b0da-720d-4d55-995e-ab3b99606181'::uuid, 'Jungle Ventures', 'Jungle', 'SEA', 'Singapore', 'https://jungle.vc', '{"Series A","Series B"}'::text[], '{SaaS,Fintech,Consumer,Healthtech}'::text[], '$3M–$15M', '$600M Fund IV', NULL, NULL, '{Kredivo,Moglix,iPrice,"Coda Payments"}'::text[]);
INSERT INTO public.vc_firms (id, name, short_name, region, hq_city, website, focus_stage, sectors, avg_ticket, total_fund, linkedin, logo_url, notable_investments) VALUES ('038bc0d7-7c76-4ebd-a51d-ea2797195f48'::uuid, 'Kalaari Capital', 'Kalaari', 'India', 'Bengaluru', 'https://kalaari.com', '{Seed,"Series A","Series B"}'::text[], '{Consumer,Edtech,Healthtech,SaaS,D2C}'::text[], '$500K–$5M', '$290M Fund III', NULL, NULL, '{Myntra,"Urban Ladder",Dream11,Cure.fit,Snapdeal}'::text[]);
INSERT INTO public.vc_firms (id, name, short_name, region, hq_city, website, focus_stage, sectors, avg_ticket, total_fund, linkedin, logo_url, notable_investments) VALUES ('8189a93b-3464-41b1-b2ef-684de5f30241'::uuid, 'Lightspeed Venture Partners', 'Lightspeed', 'US', 'Menlo Park', 'https://lsvp.com', '{Seed,"Series A","Series B"}'::text[], '{SaaS,Consumer,Deeptech,Fintech}'::text[], '$1M–$30M', '$7.1B Fund XV', NULL, NULL, '{Snapchat,Affirm,Nutanix,AppDynamics,MuleSoft}'::text[]);
INSERT INTO public.vc_firms (id, name, short_name, region, hq_city, website, focus_stage, sectors, avg_ticket, total_fund, linkedin, logo_url, notable_investments) VALUES ('a69ea3ea-5e2e-4255-91e1-b252a4eb6867'::uuid, 'Matrix Partners India', 'Matrix', 'India', 'Mumbai', 'https://matrixpartners.in', '{Seed,"Series A","Series B"}'::text[], '{SaaS,Fintech,Consumer,B2B}'::text[], '$500K–$8M', '$550M Fund V', NULL, NULL, '{Ola,Practo,Mswipe,Dailyhunt,5paisa}'::text[]);
INSERT INTO public.vc_firms (id, name, short_name, region, hq_city, website, focus_stage, sectors, avg_ticket, total_fund, linkedin, logo_url, notable_investments) VALUES ('470c7b21-6d0b-499a-b8fa-da744f5c5182'::uuid, 'Nexus Venture Partners', 'Nexus', 'India', 'Mumbai', 'https://nexusvp.com', '{Seed,"Series A","Series B"}'::text[], '{SaaS,Enterprise,Fintech,Agritech}'::text[], '$500K–$5M', '$700M', NULL, NULL, '{Delhivery,Unacademy,Rapido,Turtlemint}'::text[]);
INSERT INTO public.vc_firms (id, name, short_name, region, hq_city, website, focus_stage, sectors, avg_ticket, total_fund, linkedin, logo_url, notable_investments) VALUES ('cc81e40a-d0db-4f7c-98b8-7d1f99d07b9b'::uuid, 'Peak XV Partners', 'Peak XV', 'India', 'Bengaluru', 'https://peakxv.com', '{"Series A","Series B","Series C"}'::text[], '{SaaS,Fintech,Consumer,Edtech,Healthtech}'::text[], '$2M–$20M', '$2.85B Fund IX', NULL, NULL, '{Razorpay,BYJU''s,Meesho,Khatabook,Groww}'::text[]);
INSERT INTO public.vc_firms (id, name, short_name, region, hq_city, website, focus_stage, sectors, avg_ticket, total_fund, linkedin, logo_url, notable_investments) VALUES ('5bd9f09a-5506-47b6-8ead-5e61a8573bf6'::uuid, 'Prime Venture Partners', 'Prime VP', 'India', 'Bengaluru', 'https://primevp.in', '{Seed,"Series A"}'::text[], '{Fintech,SaaS,Consumer}'::text[], '$500K–$3M', '$120M Fund IV', NULL, NULL, '{Happay,Niyo,Ezetap,MFine,Freo}'::text[]);
INSERT INTO public.vc_firms (id, name, short_name, region, hq_city, website, focus_stage, sectors, avg_ticket, total_fund, linkedin, logo_url, notable_investments) VALUES ('71994ec5-f626-409c-9e10-8d83e76c529a'::uuid, 'Sequoia Capital', 'Sequoia', 'US', 'Menlo Park', 'https://sequoiacap.com', '{Seed,"Series A","Series B",Growth}'::text[], '{SaaS,Fintech,Consumer,Deeptech,AI}'::text[], '$1M–$100M', '$85B AUM', NULL, NULL, '{Apple,Google,WhatsApp,Stripe,Zoom}'::text[]);
INSERT INTO public.vc_firms (id, name, short_name, region, hq_city, website, focus_stage, sectors, avg_ticket, total_fund, linkedin, logo_url, notable_investments) VALUES ('b8b36c2d-bbcc-46d0-8161-2efde8b1fa02'::uuid, 'SoftBank Vision Fund', 'SoftBank', 'Global', 'Tokyo', 'https://visionfund.com', '{"Series C",Growth,Pre-IPO}'::text[], '{AI,Consumer,Fintech,Logistics,Proptech}'::text[], '$100M–$2B', '$100B SVF2', NULL, NULL, '{WeWork,Uber,ByteDance,Ola,Paytm,Meesho}'::text[]);
INSERT INTO public.vc_firms (id, name, short_name, region, hq_city, website, focus_stage, sectors, avg_ticket, total_fund, linkedin, logo_url, notable_investments) VALUES ('10daa135-397f-439a-ae1d-36b1c6482c14'::uuid, 'Stellaris Venture Partners', 'Stellaris', 'India', 'Bengaluru', 'https://stellarisvp.com', '{Seed,"Series A"}'::text[], '{SaaS,Fintech,Consumer,Deeptech}'::text[], '$500K–$4M', '$225M Fund III', NULL, NULL, '{Mamaearth,Whatfix,Jar,"Leap Finance",Recko}'::text[]);
INSERT INTO public.vc_firms (id, name, short_name, region, hq_city, website, focus_stage, sectors, avg_ticket, total_fund, linkedin, logo_url, notable_investments) VALUES ('32108b30-46d8-49cc-8fe0-875e932f84b4'::uuid, 'Tiger Global Management', 'Tiger Global', 'US', 'New York', 'https://tigerglobal.com', '{"Series B","Series C",Growth}'::text[], '{SaaS,Consumer,Fintech,Ecommerce}'::text[], '$20M–$500M', '$58B AUM', NULL, NULL, '{Stripe,Databricks,Nubank,Flipkart,Ola}'::text[]);
INSERT INTO public.vc_firms (id, name, short_name, region, hq_city, website, focus_stage, sectors, avg_ticket, total_fund, linkedin, logo_url, notable_investments) VALUES ('e2f98e58-1a67-4c33-9d6a-c25b8c1ddb57'::uuid, 'Titan Capital', 'Titan', 'India', 'Delhi', 'https://titancap.in', '{Pre-seed,Seed}'::text[], '{Consumer,SaaS,D2C,Fintech}'::text[], '$100K–$1M', 'Rolling fund', NULL, NULL, '{Ola,Snapdeal,"Urban Ladder","Wow! Momo"}'::text[]);
INSERT INTO public.vc_firms (id, name, short_name, region, hq_city, website, focus_stage, sectors, avg_ticket, total_fund, linkedin, logo_url, notable_investments) VALUES ('85c26d1f-7122-464c-bc66-b227046506f4'::uuid, 'Vertex Ventures SEA & India', 'Vertex', 'SEA', 'Singapore', 'https://vertexventures.com', '{Seed,"Series A","Series B"}'::text[], '{Fintech,Consumer,Healthtech,SaaS}'::text[], '$1M–$10M', '$305M Fund V', NULL, NULL, '{Grab,Nium,PatSnap,Coda,Validus}'::text[]);
INSERT INTO public.vc_firms (id, name, short_name, region, hq_city, website, focus_stage, sectors, avg_ticket, total_fund, linkedin, logo_url, notable_investments) VALUES ('2b2fb6ee-02e4-4b62-914f-6cadcf9e7c2e'::uuid, 'Y Combinator', 'YC', 'Global', 'San Francisco', 'https://ycombinator.com', '{Pre-seed,Seed}'::text[], '{SaaS,Fintech,Deeptech,Consumer,Crypto,Biotech}'::text[], '$500K', 'Rolling batches', NULL, NULL, '{Airbnb,Stripe,Dropbox,Reddit,Brex,Razorpay}'::text[]);

-- Metric definitions
INSERT INTO public.metric_definitions (metric_key, tier, parent_key, display_name, description, metric_kind, aggregation_method, default_period_grain, polarity, unit_default, twin_node_hint, is_derived, derivation_expr, taxonomy_version) VALUES ('ad_spend', 'canonical', NULL, 'Ad Spend', 'Paid acquisition spend for the period.', 'flow', 'sum', 'month', 'negative_good', 'usd', 'kpi-growth-cac', 'f', NULL, '2026-05-01');
INSERT INTO public.metric_definitions (metric_key, tier, parent_key, display_name, description, metric_kind, aggregation_method, default_period_grain, polarity, unit_default, twin_node_hint, is_derived, derivation_expr, taxonomy_version) VALUES ('arr', 'canonical', NULL, 'ARR', 'Annual recurring revenue.', 'stock', 'last', 'year', 'positive_good', 'usd', 'company', 'f', NULL, '2026-05-01');
INSERT INTO public.metric_definitions (metric_key, tier, parent_key, display_name, description, metric_kind, aggregation_method, default_period_grain, polarity, unit_default, twin_node_hint, is_derived, derivation_expr, taxonomy_version) VALUES ('burn', 'canonical', NULL, 'Burn', 'Net cash burn for the period.', 'flow', 'sum', 'month', 'negative_good', 'usd', 'company', 'f', NULL, '2026-05-01');
INSERT INTO public.metric_definitions (metric_key, tier, parent_key, display_name, description, metric_kind, aggregation_method, default_period_grain, polarity, unit_default, twin_node_hint, is_derived, derivation_expr, taxonomy_version) VALUES ('cac', 'canonical', NULL, 'CAC', 'Customer acquisition cost.', 'ratio', 'avg', 'month', 'negative_good', 'usd', 'kpi-growth-cac', 'f', NULL, '2026-05-01');
INSERT INTO public.metric_definitions (metric_key, tier, parent_key, display_name, description, metric_kind, aggregation_method, default_period_grain, polarity, unit_default, twin_node_hint, is_derived, derivation_expr, taxonomy_version) VALUES ('cash', 'canonical', NULL, 'Cash', 'Cash balance at period end.', 'stock', 'last', 'point_in_time', 'positive_good', 'usd', 'company', 'f', NULL, '2026-05-01');
INSERT INTO public.metric_definitions (metric_key, tier, parent_key, display_name, description, metric_kind, aggregation_method, default_period_grain, polarity, unit_default, twin_node_hint, is_derived, derivation_expr, taxonomy_version) VALUES ('gross_margin_pct', 'canonical', NULL, 'Gross Margin %', 'Gross margin percentage.', 'ratio', 'avg', 'month', 'positive_good', 'percent', 'company', 'f', NULL, '2026-05-01');
INSERT INTO public.metric_definitions (metric_key, tier, parent_key, display_name, description, metric_kind, aggregation_method, default_period_grain, polarity, unit_default, twin_node_hint, is_derived, derivation_expr, taxonomy_version) VALUES ('headcount', 'canonical', NULL, 'Headcount', 'Team size at period end.', 'stock', 'last', 'point_in_time', 'neutral', 'count', 'company', 'f', NULL, '2026-05-01');
INSERT INTO public.metric_definitions (metric_key, tier, parent_key, display_name, description, metric_kind, aggregation_method, default_period_grain, polarity, unit_default, twin_node_hint, is_derived, derivation_expr, taxonomy_version) VALUES ('ltv', 'canonical', NULL, 'LTV', 'Customer lifetime value.', 'ratio', 'avg', 'month', 'positive_good', 'usd', 'kpi-growth-ltv', 'f', NULL, '2026-05-01');
INSERT INTO public.metric_definitions (metric_key, tier, parent_key, display_name, description, metric_kind, aggregation_method, default_period_grain, polarity, unit_default, twin_node_hint, is_derived, derivation_expr, taxonomy_version) VALUES ('mrr', 'canonical', NULL, 'MRR', 'Monthly recurring revenue.', 'stock', 'last', 'month', 'positive_good', 'usd', 'company', 'f', NULL, '2026-05-01');
INSERT INTO public.metric_definitions (metric_key, tier, parent_key, display_name, description, metric_kind, aggregation_method, default_period_grain, polarity, unit_default, twin_node_hint, is_derived, derivation_expr, taxonomy_version) VALUES ('revenue', 'canonical', NULL, 'Revenue', 'Top-line revenue for the period.', 'flow', 'sum', 'month', 'positive_good', 'usd', 'company', 'f', NULL, '2026-05-01');
INSERT INTO public.metric_definitions (metric_key, tier, parent_key, display_name, description, metric_kind, aggregation_method, default_period_grain, polarity, unit_default, twin_node_hint, is_derived, derivation_expr, taxonomy_version) VALUES ('signups', 'canonical', NULL, 'Signups', 'New signups for the period.', 'flow', 'sum', 'month', 'positive_good', 'count', 'kpi-growth-activation', 'f', NULL, '2026-05-01');
INSERT INTO public.metric_definitions (metric_key, tier, parent_key, display_name, description, metric_kind, aggregation_method, default_period_grain, polarity, unit_default, twin_node_hint, is_derived, derivation_expr, taxonomy_version) VALUES ('operating_expenses', 'extension', 'burn', 'Operating Expenses', 'Operating expenses for the period.', 'flow', 'sum', 'month', 'negative_good', 'usd', 'company', 'f', NULL, '2026-05-01');
INSERT INTO public.metric_definitions (metric_key, tier, parent_key, display_name, description, metric_kind, aggregation_method, default_period_grain, polarity, unit_default, twin_node_hint, is_derived, derivation_expr, taxonomy_version) VALUES ('cost_of_goods_sold', 'extension', 'revenue', 'COGS', 'Cost of goods sold for the period.', 'flow', 'sum', 'month', 'negative_good', 'usd', 'company', 'f', NULL, '2026-05-01');
